ticker,company_name,focus_flag,latest_cumulative_return,average_volatility,average_volume
NVDA,NVIDIA Corporation,0,15.48541819513934,0.4567803224689527,336248996.9303424
AVGO,Broadcom Inc.,1,7.328071741078643,0.43547591760412513,27547375.324675325
AMD,"Advanced Micro Devices, Inc.",0,6.1663547735379245,0.5128222567562961,52645313.459268
ORCL,Oracle Corporation,0,3.0630617788548076,0.3971484163811906,13410015.820543094
CRM,"Salesforce, Inc.",0,1.741527674980878,0.3189889972704758,7546110.15348288
AAPL,Apple Inc.,0,1.4412372223813064,0.2337803547528947,55746157.2609209
MSFT,Microsoft Corporation,0,1.3123528430191214,0.22879026036986175,24831987.95749705
ADBE,Adobe Inc.,0,0.8840080270321282,0.32162960921024486,3692320.188902007
